#
127.1		localhost.telemuse.com localhost

#
# temp ucsf net connnections
128.218.30.199	jolitz	jolitz.ucsf.edu
128.218.30.183	bsdserver bsdserver.ucsf.edu
128.218.30.1	ccrouter7 ccrouter7.ucsf.edu

192.108.246.151	argo.telemuse.com argo argo-ether
192.108.246.5   telemuse.com erato erato-ether loghost
#192.108.246.10  odysseus.telemuse.com odysseus odysseus-ether # laptop
192.108.246.15  phoenix.telemuse.com phoenix # ancient compaq
192.108.246.16  penelope.telemuse.com penelope penny # old laptop

192.108.246.40  bill.telemuse.com bill # bills pc
192.108.246.41  lynne.telemuse.com lynne # lynnes pc

# 10base T network
192.108.247.151	argo2
192.108.247.15  phoenix2.telemuse.com phoenix2 # ancient compaq (router)
192.108.247.10  odysseus.telemuse.com odysseus odysseus-ether # laptop

;       @(#)hosts.cs	1.3     (Berkeley)      9/16/91
;
;	Start new version 2.100 of localhosts.
#
# Berkeley Subnet 130 -- CS Division 10 Mb/s Ethernet
#
128.32.130.1		calder.CS.Berkeley.EDU calder
128.32.130.2		vangogh.CS.Berkeley.EDU vangogh ucbvangogh
128.32.130.3		okeeffe.CS.Berkeley.EDU okeeffe ucbokeeffe
#128.32.130.4		orenoir.Berkeley.EDU orenoir 
128.32.130.5		cogsci.Berkeley.EDU cogsci ucbcogsci
128.32.130.6		monet.Berkeley.EDU monet.CS.Berkeley.EDU monet monet-cs
#128.32.130.7		degas.Berkeley.EDU degas ucbdegas
128.32.130.8		gardenia.Berkeley.EDU gardenia ucbgardenia
128.32.130.10		azalea.Berkeley.EDU azalea ucbazalea
128.32.130.11		ucbarpa.Berkeley.EDU ucbarpa arpa ucbarpa-cs arpa-cs ucb-arpa kim kim.Berkeley.EDU renoir renoir.Berkeley.EDU ernie.Berkeley.EDU ernie
128.32.130.12		ucbvax-cs.Berkeley.EDU ucbvax-cs
#128.32.130.13		matisse.CS.Berkeley.EDU matisse
128.32.130.15		oxford.Berkeley.EDU oxford.CS.Berkeley.EDU oxford
128.32.130.16		csgw-cs.Berkeley.EDU csgw-cs.CS.Berkeley.EDU csgw-cs
128.32.130.18		postgres-cs.Berkeley.EDU postgres-cs
128.32.130.19		erga.Berkeley.EDU erga
128.32.130.20		ergb.Berkeley.EDU ergb
128.32.130.21		ergc.Berkeley.EDU ergc
128.32.130.23		cassatt.Berkeley.EDU cassatt.CS.Berkeley.EDU cassatt
128.32.130.24		mcode.Berkeley.EDU mcode
128.32.130.25		kerberos.CS.Berkeley.EDU kerberos
128.32.130.26		zinnia.Berkeley.EDU zinnia
128.32.130.27		petunia.Berkeley.EDU petunia
128.32.130.28		hyacinth.Berkeley.EDU hyacinth
128.32.130.29		tulip2.Berkeley.EDU tulip2
128.32.130.30		pansy.Berkeley.EDU pansy
128.32.130.31		orchid.Berkeley.EDU orchid
128.32.130.32		dahlia.Berkeley.EDU dahlia
128.32.130.33		csgw2.Berkeley.EDU csgw2-cs.Berkeley.EDU csgw2.CS.Berkeley.EDU csgw2
128.32.130.34		leconte.CS.Berkeley.EDU leconte
128.32.130.35		auspex-csdiv.Berkeley.EDU auspex-csdiv
128.32.130.36		annex130-1.Berkeley.EDU annex130-1.CS.Berkeley.EDU annex130-1
128.32.130.37		emulex130.Berkeley.EDU emulex130.CS.Berkeley.EDU emulex130
128.32.130.38		circe.CS.Berkeley.EDU circe
128.32.130.40		eva4fp.Berkeley.EDU eva4fp 
128.32.130.41		eva4mac1.Berkeley.EDU eva4mac1
128.32.130.42		eva4mac2.Berkeley.EDU eva4mac2
128.32.130.43		eva4mac3.Berkeley.EDU eva4mac3
128.32.130.44		eva4mac4.Berkeley.EDU eva4mac4
128.32.130.45		eva4mac5.Berkeley.EDU eva4mac5
128.32.130.46		eva4mac6.Berkeley.EDU eva4mac6
128.32.130.47		eva4mac7.Berkeley.EDU eva4mac7
128.32.130.48		eva4mac8.Berkeley.EDU eva4mac8
128.32.130.49		eva4mac9.Berkeley.EDU eva4mac9
128.32.130.50		eva4mac10.Berkeley.EDU eva4mac10
128.32.130.51		eva4mac11.Berkeley.EDU eva4mac11
128.32.130.52		eva4mac12.Berkeley.EDU eva4mac12
128.32.130.53		eva4mac13.Berkeley.EDU eva4mac13
128.32.130.54		eva4mac14.Berkeley.EDU eva4mac14
128.32.130.55		eva4mac15.Berkeley.EDU eva4mac15
128.32.130.56		eva4mac16.Berkeley.EDU eva4mac16
128.32.130.57		eva4mac17.Berkeley.EDU eva4mac17
128.32.130.58		eva4mac18.Berkeley.EDU eva4mac18
128.32.130.59		eva4mac19.Berkeley.EDU eva4mac19
128.32.130.60		eva4mac20.Berkeley.EDU eva4mac20
#
# Berkeley Subnet 131 -- Evans Sun + Dandelion net
#
128.32.131.1		xcssun.Berkeley.EDU xcssun
128.32.131.2		xearth.Berkeley.EDU xearth
128.32.131.3		pluto.Berkeley.EDU pluto
128.32.131.4		uranus.Berkeley.EDU uranus
128.32.131.5		neptune.Berkeley.EDU neptune
128.32.131.6		saturn.Berkeley.EDU saturn
128.32.131.7		jupiter.Berkeley.EDU jupiter
128.32.131.8		mars.Berkeley.EDU mars
128.32.131.9		venus.Berkeley.EDU venus
128.32.131.10		mercury.Berkeley.EDU mercury
128.32.131.11		csgw-xcs.Berkeley.EDU csgw-xcs.CS.Berkeley.EDU csgw-xcs
128.32.131.13		snow.Berkeley.EDU snow.CS.Berkeley.EDU snow
128.32.131.14		peoplesparc.Berkeley.EDU peoplesparc
128.32.131.15		fenwaysparc.Berkeley.EDU fenwaysparc
128.32.131.16		sleepy.Berkeley.EDU sleepy
128.32.131.17		doc.Berkeley.EDU doc.CS.Berkeley.EDU doc
128.32.131.18		dopey.Berkeley.EDU dopey
128.32.131.19		happy.Berkeley.EDU happy.CS.Berkeley.EDU happy
128.32.131.20		sneezy.Berkeley.EDU sneezy
128.32.131.21		charming.Berkeley.EDU charming prince
128.32.131.22		rip.CS.Berkeley.EDU rip
128.32.131.23		phoenix.Berkeley.EDU phoenix
128.32.131.24		spur-gw.Berkeley.EDU spur-gw
128.32.131.25		birch.Berkeley.EDU birch
128.32.131.26		ash.Berkeley.EDU ash
128.32.131.27		teak.Berkeley.EDU teak
128.32.131.28		palm.Berkeley.EDU palm
128.32.131.29		fir.Berkeley.EDU fir
128.32.131.30		yew.Berkeley.EDU yew
128.32.131.31		largo.Berkeley.EDU largo
128.32.131.32		pinocchio.Berkeley.EDU pinocchio
128.32.131.33		mike.Berkeley.EDU mike
128.32.131.34		rob.Berkeley.EDU rob
128.32.131.35		chip.Berkeley.EDU chip
128.32.131.36		robalo.Berkeley.EDU robalo
128.32.131.37		stun.Berkeley.EDU stun
128.32.131.38		kazoo.Berkeley.EDU kazoo
128.32.131.39		harri.Berkeley.EDU harri
128.32.131.40		craig.Berkeley.EDU craig
128.32.131.41		tigger.Berkeley.EDU tigger
128.32.131.42		fritz.Berkeley.EDU fritz
128.32.131.43		gerry.Berkeley.EDU gerry
128.32.131.44		pine.Berkeley.EDU pine
128.32.131.45		fleur-de-lis.Berkeley.EDU fleur-de-lis
128.32.131.46		piglet.Berkeley.EDU piglet
128.32.131.47		achilles.Berkeley.EDU achilles
128.32.131.48		hector.Berkeley.EDU hector
128.32.131.50		madrone.Berkeley.EDU madrone
128.32.131.51		tanoak.Berkeley.EDU tanoak
128.32.131.52		cypress.Berkeley.EDU cypress
128.32.131.53		poison.Berkeley.EDU poison
128.32.131.54		dougfir.Berkeley.EDU dougfir
128.32.131.55		bonsai.Berkeley.EDU bonsai
128.32.131.56		eucalyptus.Berkeley.EDU euca eucalyptus
#128.32.131.57		thumblina.Berkeley.EDU thumblina
128.32.131.57		ecstasy.CS.Berkeley.EDU ecstasy
#128.32.131.58		monet-xcs.Berkeley.EDU monet-xcs
#128.32.131.69		calder-xcs.Berkeley.EDU calder-xcs
128.32.131.78		ginkgo.Berkeley.EDU ginkgo
128.32.131.79		elm.Berkeley.EDU elm
128.32.131.80		oak.Berkeley.EDU oak
128.32.131.81		walnut.Berkeley.EDU walnut
128.32.131.82		redwood.Berkeley.EDU redwood
128.32.131.83		liveoak.Berkeley.EDU liveoak
128.32.131.84		larch.Berkeley.EDU larch
128.32.131.85		maple.Berkeley.EDU maple
128.32.131.86		baobab.Berkeley.EDU baobab
128.32.131.87		primrose.Berkeley.EDU primrose
128.32.131.88		poppy.Berkeley.EDU poppy
128.32.131.89		lupine.Berkeley.EDU lupine
128.32.131.90		fuchsia.Berkeley.EDU fuchsia
128.32.131.91		freesia.Berkeley.EDU freesia
128.32.131.92		ra.Berkeley.EDU ra
128.32.131.93		baal.Berkeley.EDU baal
128.32.131.94		bromeliad.Berkeley.EDU bromeliad
128.32.131.95		snapdragon.Berkeley.EDU snapdragon
128.32.131.96		ylem.Berkeley.EDU ylem
128.32.131.97		centralsparc.Berkeley.EDU centralsparc
128.32.131.98		codornicesparc.Berkeley.EDU codornicesparc
128.32.131.99		wisteria.Berkeley.EDU wisteria
128.32.131.101		marigold.Berkeley.EDU marigold
128.32.131.102		sunflower.Berkeley.EDU sunflower
128.32.131.103		columbine.Berkeley.EDU columbine
128.32.131.104		ginko.Berkeley.EDU ginko
128.32.131.105		geranium.Berkeley.EDU geranium
128.32.131.106		copihue.Berkeley.EDU copihue
128.32.131.107		daisy.Berkeley.EDU daisy
128.32.131.108		dandelion.Berkeley.EDU dandelion
128.32.131.109		lotus.Berkeley.EDU lotus
128.32.131.110		mimosa.Berkeley.EDU mimosa
128.32.131.111		genziana.Berkeley.EDU genziana
128.32.131.114		mum.Berkeley.EDU mum chrysanthemum
128.32.131.115		pawlonia.Berkeley.EDU pawlonia.CS.Berkeley.EDU pawlonia
128.32.131.116		sequoia.Berkeley.EDU sequoia
128.32.131.117		lassen.Berkeley.EDU lassen
128.32.131.118		ibmpc.Berkeley.EDU ibmpc
128.32.131.119		leeb.CS.Berkeley.EDU leeb
128.32.131.120		acacia.Berkeley.EDU acacia
128.32.131.121		lewis.Berkeley.EDU lewis
128.32.131.122		fluent.Berkeley.EDU fluent
128.32.131.123		yaakov.Berkeley.EDU yaakov
128.32.131.124		julia.Berkeley.EDU julia
128.32.131.126		mustapha.Berkeley.EDU mustapha
128.32.131.127		thunderbird.Berkeley.EDU thunderbird
128.32.131.128		bison.Berkeley.EDU bison
128.32.131.129		dikdik.Berkeley.EDU dikdik
128.32.131.130		melody.Berkeley.EDU melody
128.32.131.132		tamarisk.Berkeley.EDU tamarisk
128.32.131.133		joshua.Berkeley.EDU joshua
128.32.131.134		kafka.Berkeley.EDU kafka
128.32.131.135		coke.CS.Berkeley.EDU coke
128.32.131.136		rapunzel.Berkeley.EDU rapunzel.CS.Berkeley.EDU rapunzel
128.32.131.137		valhalla.Berkeley.EDU valhalla
128.32.131.138		spaulding.Berkeley.EDU spaulding
128.32.131.139		jiminy.Berkeley.EDU jiminy cricket jiminycricket
128.32.131.140		bluefairy.Berkeley.EDU bluefairy bf
128.32.131.141		lampwick.Berkeley.EDU lampwick
128.32.131.142		figaro.Berkeley.EDU figaro
128.32.131.144		al.Berkeley.EDU al
128.32.131.145		cork.Berkeley.EDU cork
128.32.131.146		balsa.Berkeley.EDU balsa
128.32.131.147		bullie.Berkeley.EDU bullie
128.32.131.148		willow.Berkeley.EDU willow
128.32.131.149		mahogany.Berkeley.EDU mahogany
128.32.131.150		shiva.Berkeley.EDU shiva
128.32.131.151		argo.CS.Berkeley.EDU argo
#128.32.131.152		odysseus.CS.Berkeley.EDU odysseus
128.32.131.153		loki.Berkeley.EDU loki
128.32.131.154		icarus.Berkeley.EDU icarus
128.32.131.155		harmony.Berkeley.EDU harmony
128.32.131.156		juniper.Berkeley.EDU juniper
128.32.131.157		tuba.Berkeley.EDU tuba
128.32.131.158		flute.Berkeley.EDU flute
128.32.131.159		guitar.Berkeley.EDU guitar
128.32.131.160		sarod.Berkeley.EDU sarod
128.32.131.161		lyra.Berkeley.EDU lyra
128.32.131.162		calliope.Berkeley.EDU calliope
128.32.131.163		piano.Berkeley.EDU piano
128.32.131.164		oboe.Berkeley.EDU oboe.CS.Berkeley.EDU oboe
128.32.131.165		vina.Berkeley.EDU vina
128.32.131.166		yellow.Berkeley.EDU yellow
128.32.131.167		galois.Berkeley.EDU galois
128.32.131.168		zen.Berkeley.EDU zen
128.32.131.169		chimera.Berkeley.EDU chimera
128.32.131.170		atlas.Berkeley.EDU atlas
128.32.131.172		mandolin.Berkeley.EDU mandolin
128.32.131.173		bongo.Berkeley.EDU bongo
128.32.131.174		hughie.Berkeley.EDU hughie
128.32.131.175		harpy.Berkeley.EDU harpy
128.32.131.176		bennu.Berkeley.EDU bennu
128.32.131.177		anarres.Berkeley.EDU anarres
128.32.131.178		macadamia.Berkeley.EDU macadamia
128.32.131.179		soda.Berkeley.EDU soda
128.32.131.180		mely.Berkeley.EDU mely
128.32.131.181		aspen.Berkeley.EDU aspen
128.32.131.182		beech.Berkeley.EDU beech
128.32.131.183		hemlock.Berkeley.EDU hemlock
128.32.131.184		boojum.Berkeley.EDU boojum
128.32.131.185		picasso.CS.Berkeley.EDU picasso
128.32.131.186		ygdrasil.Berkeley.EDU ygdrasil
128.32.131.187		kulkulkan.Berkeley.EDU kulkulkan
128.32.131.188		plane.Berkeley.EDU plane
128.32.131.189		tlaloc.Berkeley.EDU tlaloc
128.32.131.190		kukulcan.Berkeley.EDU kukulcan
128.32.131.191		darkstar.Berkeley.EDU darkstar
128.32.131.192		tom.Berkeley.EDU tom
128.32.131.193		twocs.Berkeley.EDU twocs
128.32.131.194		threecs.Berkeley.EDU threecs
128.32.131.195		csgw2.Berkeley.EDU csgw2-xcs.CS.Berkeley.EDU csgw2-xcs.Berkeley.EDU csgw2
128.32.131.196		odds.Berkeley.EDU odds
128.32.131.197		radgumbo.Berkeley.EDU radgumbo
128.32.131.198		auspex-xcs.Berkeley.EDU auspex-xcs
128.32.131.199		wsparc.Berkeley.EDU wsparc
128.32.131.200		magnolia.Berkeley.EDU magnolia
128.32.131.201		qin.Berkeley.EDU qin
128.32.131.202		goldengatesparc.Berkeley.EDU goldengatesparc
128.32.131.203		whistle.Berkeley.EDU whistle
128.32.131.204		ukulele.Berkeley.EDU ukulele
128.32.131.205		triangle.Berkeley.EDU triangle
128.32.131.206		drum.Berkeley.EDU drum
128.32.131.207		alto.Berkeley.EDU alto
128.32.131.208		dulcimer.Berkeley.EDU dulcimer
128.32.131.209		legato.Berkeley.EDU legato
128.32.131.210		aesir.Berkeley.EDU aesir
128.32.131.211		delemont.Berkeley.EDU delemont
128.32.131.213		vanir.Berkeley.EDU vanir
128.32.131.214		banyan.Berkeley.EDU banyan
128.32.131.215		truffula.Berkeley.EDU truffula
128.32.131.216		gauguin.CS.Berkeley.EDU gauguin
128.32.131.217		saz.Berkeley.EDU saz
128.32.131.218		cello.Berkeley.EDU cello
128.32.131.219		excalibur.Berkeley.EDU excalibur
128.32.131.220		emerson.CS.Berkeley.EDU emerson
#
# Berkeley Subnet 132 -- CAD 10Mb/s Ethernet
#
128.32.132.254		eecsprogw38.Berkeley.EDU eecsprogw38 eecsgw-bb-cad
#
# Berkeley Subnet 133 -- 80Meg Proteon Net for EECS
#
128.32.133.1		ucbvax.Berkeley.EDU ucbvax ucbvax-bb ucbvax-eecs-bb ucb-vax
128.32.133.2		eegw-bb.Berkeley.EDU eegw.Berkeley.EDU eegw eegw-bb
128.32.133.3		csgw2.Berkeley.EDU csgw2-bb.Berkeley.EDU csgw2
128.32.133.35		eecsprogw35.Berkeley.EDU eecsprogw35 ccngw-ner-eecs-bb
128.32.133.36		eecsprogw36.Berkeley.EDU eecsprogw36
128.32.133.37		eecsprogw37.Berkeley.EDU eecsprogw37
128.32.133.38		eecsprogw38.Berkeley.EDU eecsprogw38
128.32.133.254		csgw.Berkeley.EDU csgw-bb.Berkeley.EDU csgw csgw-bb csgw-eecs-bb
#
# Berkeley Subnet 134 -- EES Administration
#
128.32.134.254		eecsprogw36.Berkeley.EDU eecsprogw36 eecsgw-bb-eecs
#
# Berkeley Subnet 137 -- 10MB ucb-spine
#
#128.32.137.2		esvax.Berkeley.EDU esvax ucbesvax
128.32.137.3		ucbvax-spine.Berkeley.EDU ucbvax-spine
#128.32.137.5		eros-de1.Berkeley.EDU eros-de1 ucberos-de1
#128.32.137.6		kuhn-spine.Berkeley.EDU kuhn-spine
#128.32.137.7		cad.Berkeley.EDU cad ucbcad
#128.32.137.8		ucbarpa-spine.Berkeley.EDU ucbarpa-spine
#128.32.137.11		ccngw-ner-spine.Berkeley.EDU ucbprogw3
#128.32.137.13		ernie.Berkeley.EDU ernie ucbernie
#128.32.137.16		csgw.Berkeley.EDU csgw csgw-spine
#128.32.137.17		oucbvax.Berkeley.EDU oucbvax
#
# Berkeley Subnet 139 -- Suns on 3rd/4th floors Cory
#
128.32.139.254		eecsprogw38.Berkeley.EDU eecsprogw38 eecsgw-bb-brodersun
#
# Point-Point links - Subnet 140
#
128.32.140.2		ucbarpa-dmc.Berkeley.EDU ucbarpa-dmc arpa-dmc ucb-dmc
128.32.140.3		ucbvax-dmc.Berkeley.EDU ucbvax-dmc
128.32.140.5		csgw-icsi.Berkeley.EDU csgw-icsi
128.32.140.6		icsi-csgw.Berkeley.EDU icsi-csgw
128.32.140.8		pearson-slip.Berkeley.EDU pearson-slip
128.32.140.9		csgw-mtxinu.Berkeley.EDU csgw-mtxinu
128.32.140.10		mtxinu-csgw.Berkeley.EDU mtxinu-csgw
#
# Berkeley Subnet 149 -- Second CS Division 10MB/sec ethernet cs2-net
#
128.32.149.1		postgres.Berkeley.EDU postgres
128.32.149.2		redrider.Berkeley.EDU redrider
128.32.149.3		shangri-la.Berkeley.EDU shangri-la
128.32.149.4		eden.Berkeley.EDU eden
128.32.149.5		utopia.Berkeley.EDU utopia
128.32.149.6		elysium.Berkeley.EDU elysium
128.32.149.7		nirvana.Berkeley.EDU nirvana
128.32.149.8		avalon.Berkeley.EDU avalon
128.32.149.9		limbo.Berkeley.EDU limbo
128.32.149.10		xanadu.Berkeley.EDU xanadu
128.32.149.11		hades.Berkeley.EDU hades
128.32.149.12		purgatory.Berkeley.EDU purgatory
128.32.149.13		csgw2-cs2.Berkeley.EDU csgw2-cs2
128.32.149.14		faerie.Berkeley.EDU faerie
128.32.149.15		olympus.Berkeley.EDU olympus
128.32.149.16		unagi.Berkeley.EDU unagi
128.32.149.17		ebi.Berkeley.EDU ebi
128.32.149.18		camelot.Berkeley.EDU camelot
128.32.149.19		hermes.Berkeley.EDU hermes
128.32.149.20		miro.Berkeley.EDU miro
128.32.149.21		fezzik.Berkeley.EDU fezzik ucbfezzik
128.32.149.22		atlantis.Berkeley.EDU atlantis ucbatlantis
128.32.149.23		viking.Berkeley.EDU viking ucbviking
128.32.149.24		enterprise.Berkeley.EDU enterprise ucbenterprise
128.32.149.25		discovery.Berkeley.EDU discovery ucbdiscovery
128.32.149.26		spline.Berkeley.EDU spline
128.32.149.27		beta.Berkeley.EDU beta
128.32.149.28		saba.Berkeley.EDU saba
128.32.149.29		tobiko.Berkeley.EDU tobiko
128.32.149.30		explorer.Berkeley.EDU explorer
128.32.149.31		ranger.Berkeley.EDU ranger
128.32.149.32		terminus.Berkeley.EDU terminus
128.32.149.33		stinson.Berkeley.EDU stinson ucbstinson
128.32.149.34		grumpy.Berkeley.EDU grumpy ucbgrumpy
128.32.149.35		cloud9.Berkeley.EDU cloud9 ucbcloud9
128.32.149.36		ucbvax-cs2.Berkeley.EDU ucbvax-cs2
128.32.149.37		viz.Berkeley.EDU viz
128.32.149.38		undine.Berkeley.EDU undine
128.32.149.39		paradise.Berkeley.EDU paradise
128.32.149.40		arcadia.Berkeley.EDU arcadia
128.32.149.41		delphi.Berkeley.EDU delphi
128.32.149.42		bam.Berkeley.EDU bam
128.32.149.43		ppp.Berkeley.EDU ppp
128.32.149.44		foghorn.Berkeley.EDU foghorn
128.32.149.45		leghorn.Berkeley.EDU leghorn
128.32.149.46		trantor.Berkeley.EDU trantor
128.32.149.47		erewhon.Berkeley.EDU erewhon
128.32.149.48		bugs-bunny.Berkeley.EDU bugs-bunny
128.32.149.49		charlie-brown.Berkeley.EDU charlie-brown
128.32.149.51		salt.Berkeley.EDU salt
128.32.149.52		zonker.Berkeley.EDU zonker
128.32.149.53		gumby.Berkeley.EDU gumby
128.32.149.54           big-bird.Berkeley.EDU big-bird
128.32.149.55           mickey.Berkeley.EDU mickey
128.32.149.56           woodstock.Berkeley.EDU woodstock
128.32.149.57           tweety.Berkeley.EDU tweety
128.32.149.58           fred-bassett.Berkeley.EDU fred-bassett
128.32.149.59		linus.Berkeley.EDU linus
128.32.149.60		roger-rabbit.Berkeley.EDU roger-rabbit
128.32.149.61 		elmer-fudd.Berkeley.EDU elmer-fudd
#128.32.149.62		csgw.Berkeley.EDU csgw-cs2.Berkeley.EDU csgw
128.32.149.63		attica.Berkeley.EDU attica
128.32.149.64		bastille.Berkeley.EDU bastille
128.32.149.65		sanquentin.Berkeley.EDU sanquentin
128.32.149.66		joliet.Berkeley.EDU joliet
128.32.149.67		singsing.Berkeley.EDU singsing
128.32.149.68		mastodon.Berkeley.EDU mastodon
128.32.149.69		manray.Berkeley.EDU manray
128.32.149.70		guard.Berkeley.EDU guard
128.32.149.71		colditz.Berkeley.EDU colditz
128.32.149.72		ralph.Berkeley.EDU ralph
128.32.149.73		voyager.Berkeley.EDU voyager
128.32.149.74		pioneer.Berkeley.EDU pioneer
128.32.149.75		genesis.Berkeley.EDU genesis
128.32.149.76		genesis-a.Berkeley.EDU genesis-a
128.32.149.77		genesis-b.Berkeley.EDU genesis-b
128.32.149.78		mammoth.Berkeley.EDU mammoth
128.32.149.79		apollo.Berkeley.EDU apollo ucbapollo
128.32.149.80		challenger.Berkeley.EDU challenger ucbchallenger
128.32.149.81		columbia.Berkeley.EDU columbia ucbcolumbia
128.32.149.82		mariner.Berkeley.EDU mariner ucbmariner
128.32.149.84		fuzzball.Berkeley.EDU fuzzball
128.32.149.85		hot.Berkeley.EDU hot
128.32.149.86		sour.Berkeley.EDU sour
128.32.149.87		miso.Berkeley.EDU miso
128.32.149.88		good.Berkeley.EDU good
128.32.149.89		gazpacho.Berkeley.EDU gazpacho
128.32.149.90		navybean.Berkeley.EDU navybean
128.32.149.91		splitpea.Berkeley.EDU splitpea
128.32.149.92		chowder.Berkeley.EDU chowder
128.32.149.93		tureen.Berkeley.EDU tureen
128.32.149.94		bps.Berkeley.EDU bps
128.32.149.96		fire.Berkeley.EDU fire karakorum
128.32.149.97		lentil.Berkeley.EDU lentil
128.32.149.98		barley.Berkeley.EDU barley
128.32.149.99		wonton.Berkeley.EDU wonton
128.32.149.101		pokey.Berkeley.EDU pokey
128.32.149.102		minestrone.Berkeley.EDU minestrone
128.32.149.105		annex149-1.Berkeley.EDU annex149-1
128.32.149.106		borscht.Berkeley.EDU borscht
128.32.149.107		inigo.Berkeley.EDU inigo
128.32.149.108		jessica-rabbit.Berkeley.EDU jessica-rabbit
128.32.149.109		auspex-cs2.Berkeley.EDU auspex-cs2 auspex
128.32.149.110		jabberwock.Berkeley.EDU jabberwock
128.32.149.112		orinda.Berkeley.EDU orinda
128.32.149.113		heisenberg.Berkeley.EDU heisenberg
128.32.149.114		krazykat.Berkeley.EDU krazykat
#
# Berkeley Subnet 150 -- 10MB/s spur's sun-network
#
128.32.150.1		envy.Berkeley.EDU envy-150 envy ucbenvy-150
128.32.150.2		clove.Berkeley.EDU clove ucbclove
128.32.150.4		saffron.Berkeley.EDU saffron ucbsaffron
128.32.150.5		garlic.Berkeley.EDU garlic ucbgarlic
128.32.150.6		sage.Berkeley.EDU sage ucbsage
128.32.150.7		nutmeg.Berkeley.EDU nutmeg ucbnutmeg
128.32.150.8		paprika.Berkeley.EDU paprika ucbpaprika
128.32.150.9		murder.Berkeley.EDU murder ucbmurder
128.32.150.10		earth.Berkeley.EDU earth ucbearth
128.32.150.11		lust.Berkeley.EDU lust ucblust
128.32.150.12		lust20.Berkeley.EDU lust20 ucblust20
128.32.150.13		pride.Berkeley.EDU pride ucbpride
128.32.150.14		sloth.Berkeley.EDU sloth ucbsloth
128.32.150.15		dill.Berkeley.EDU dill ucbdill
128.32.150.16		basil.Berkeley.EDU basil ucbbasil
128.32.150.17		thyme.Berkeley.EDU thyme ucbthyme
128.32.150.18		bay.Berkeley.EDU bay ucbbay
128.32.150.19		parsley.Berkeley.EDU parsley ucbparsley
128.32.150.20		pepper.Berkeley.EDU pepper ucbpepper
128.32.150.21		anger.Berkeley.EDU anger ucbanger
128.32.150.22		greed.Berkeley.EDU greed ucbgreed
128.32.150.23		sparc.Berkeley.EDU sparc
128.32.150.25		cayenne.Berkeley.EDU cayenne ucbcayenne
128.32.150.26		chilli.Berkeley.EDU chilli ucbchilli
128.32.150.27		allspice.Berkeley.EDU allspice ucballspice
128.32.150.28		ginger.Berkeley.EDU ginger ucbginger
128.32.150.29		oregano.Berkeley.EDU oregano ucboregano
128.32.150.30		rosemary.Berkeley.EDU rosemary ucbrosemary
128.32.150.32		cinnamon.Berkeley.EDU cinnamon ucbcinnamon
128.32.150.33		tarragon.Berkeley.EDU tarragon ucbtarragon
128.32.150.34		anise.Berkeley.EDU anise ucbanise
128.32.150.35		coriander.Berkeley.EDU coriander ucbcoriander
128.32.150.37		turmeric.Berkeley.EDU turmeric ucbturmeric
128.32.150.38		mustard.Berkeley.EDU mustard ucbmustard
128.32.150.39		cardamom.Berkeley.EDU cardamom ucbcardamom
128.32.150.40		sarsaparilla.Berkeley.EDU sarsaparilla ucbsarsaparilla
128.32.150.41		sassafras.Berkeley.EDU sassafras ucbsassafras
128.32.150.42		hecuba.Berkeley.EDU hecuba ucbhecuba
128.32.150.43		priam.Berkeley.EDU priam ucbpriam
128.32.150.44		tully.Berkeley.EDU tully ucbtully
128.32.150.45		helen.Berkeley.EDU helen ucbhelen
128.32.150.46		paris.Berkeley.EDU paris ucbparis
128.32.150.47		menelaus.Berkeley.EDU menelaus ucbmenelaus
128.32.150.49		agamemnon.Berkeley.EDU agamemnon ucbagamemnon
128.32.150.50		homer.Berkeley.EDU homer ucbhomer
128.32.150.51		cumin.Berkeley.EDU cumin ucbcumin
128.32.150.52		mint.Berkeley.EDU mint ucbmint
128.32.150.53		marjoram.Berkeley.EDU marjoram
128.32.150.54		mace.Berkeley.EDU mace
128.32.150.55		fenugreek.Berkeley.EDU fenugreek
128.32.150.56		savory.Berkeley.EDU savory
128.32.150.57		caraway.Berkeley.EDU caraway
128.32.150.58		shallot.Berkeley.EDU shallot
128.32.150.59		borage.Berkeley.EDU borage
#128.32.150.60		pisces.Berkeley.EDU pisces
128.32.150.61		polaris.Berkeley.EDU polaris
128.32.150.62		rigel.Berkeley.EDU rigel
128.32.150.63		proxima.Berkeley.EDU proxima
128.32.150.64		sirius.Berkeley.EDU sirius
128.32.150.65		vega.Berkeley.EDU vega
128.32.150.66		aldebaran.Berkeley.EDU aldebaran
128.32.150.67		betelgeuse.Berkeley.EDU betelgeuse
128.32.150.68		bellatrix.Berkeley.EDU bellatrix
128.32.150.69		squeak.Berkeley.EDU squeak
128.32.150.70		pollux.Berkeley.EDU pollux
128.32.150.71		fatemeh.Berkeley.EDU fatemeh
128.32.150.72		csgw2-spur.Berkeley.EDU csgw2-spur
128.32.150.73		csgw-spur.Berkeley.EDU csgw-spur
128.32.150.74		catnip.Berkeley.EDU catnip
128.32.150.75		cygnus.Berkeley.EDU cygnus
128.32.150.78		alcides.Berkeley.EDU alcides
128.32.150.79		zubenelgenubi.Berkeley.EDU zubenelgenubi
128.32.150.80		spica.Berkeley.EDU spica
128.32.150.81		skat.Berkeley.EDU skat
128.32.150.82		zaniah.Berkeley.EDU zaniah
128.32.150.83		serpens.Berkeley.EDU serpens
128.32.150.84		itaru.Berkeley.EDU itaru
128.32.150.85		piquante.Berkeley.EDU piquante
128.32.150.86		apathy.Berkeley.EDU apathy
128.32.150.87		conspiracy.Berkeley.EDU conspiracy
128.32.150.88		hedonism.Berkeley.EDU hedonism
128.32.150.89		jaywalk.Berkeley.EDU jaywalk
128.32.150.90		kvetching.Berkeley.EDU kvetching
128.32.150.91		blasphemy.Berkeley.EDU blasphemy
128.32.150.92		covet.Berkeley.EDU covet
128.32.150.93		forgery.Berkeley.EDU forgery
128.32.150.94		heresy.Berkeley.EDU heresy
128.32.150.95		hijack.Berkeley.EDU hijack
128.32.150.96		joyride.Berkeley.EDU joyride
128.32.150.97		larceny.Berkeley.EDU larceny
128.32.150.98		poltroonery.Berkeley.EDU poltroonery
128.32.150.99		sabotage.Berkeley.EDU sabotage
128.32.150.100		sedition.Berkeley.EDU sedition
128.32.150.101		subversion.Berkeley.EDU subversion
128.32.150.102		terrorism.Berkeley.EDU terrorism
128.32.150.103		tyranny.Berkeley.EDU tyranny
128.32.150.104		violence.Berkeley.EDU violence
128.32.150.105		piracy.Berkeley.EDU piracy
128.32.150.106		assault.Berkeley.EDU assault
128.32.150.107          adultery.Berkeley.EDU adultery
128.32.150.108          arson.Berkeley.EDU arson
128.32.150.109          bezier.Berkeley.EDU bezier
128.32.150.110          cowardice.Berkeley.EDU cowardice
128.32.150.111          debauchery.Berkeley.EDU debauchery
128.32.150.112          espionage.Berkeley.EDU espionage
128.32.150.113          gluttony.Berkeley.EDU gluttony
128.32.150.114          mutilation.Berkeley.EDU mutilation
128.32.150.115          treason.Berkeley.EDU treason
128.32.150.116          vagrancy.Berkeley.EDU vagrancy
128.32.150.117          buzz.Berkeley.EDU vagrancy
128.32.150.118          crackle.Berkeley.EDU vagrancy
128.32.150.119          burble.Berkeley.EDU vagrancy
128.32.150.120		babylon.Berkeley.EDU babylon
128.32.150.123		addiction.Berkeley.EDU addiction
128.32.150.124		blackmail.Berkeley.EDU blackmail
128.32.150.125		lsisim.Berkeley.EDU lsisim
128.32.150.126		masala.Berkeley.EDU masala
128.32.150.127		mercenary.Berkeley.EDU mercenary
128.32.150.128		insurgency.Berkeley.EDU insurgency
128.32.150.129		chair.Berkeley.EDU chair
128.32.150.130		raid1.Berkeley.EDU raid1
128.32.150.131		boing.Berkeley.EDU boing
128.32.150.132		rumble.Berkeley.EDU rumble
128.32.150.133		anarchy.Berkeley.EDU anarchy
128.32.150.134		communism.Berkeley.EDU communism
128.32.150.135		extortion.Berkeley.EDU extortion
128.32.150.136		genocide.Berkeley.EDU genocide
128.32.150.137		hatred.Berkeley.EDU hatred
128.32.150.138		jealousy.Berkeley.EDU jealousy
128.32.150.139		loiter.Berkeley.EDU loiter
128.32.150.140		mayhem.Berkeley.EDU mayhem
128.32.150.141		whining.Berkeley.EDU whining
128.32.150.142		auspex-spur.Berkeley.EDU auspex-spur
128.32.150.143		hoot.Berkeley.EDU hoot
128.32.150.144		sony1.Berkeley.EDU sony1
128.32.150.145		coons.Berkeley.EDU coons
128.32.150.146		roar.Berkeley.EDU roar
128.32.150.147		woosh.Berkeley.EDU woosh
128.32.150.148		bribery.Berkeley.EDU bribery
128.32.150.149		thunk.Berkeley.EDU thunk
128.32.150.150		mercedes.Berkeley.EDU mercedes
128.32.150.151		porsche.Berkeley.EDU porsche
#
# Berkeley Subnet 156 -- Cory "others" catchall net
#
128.32.156.253		eecsgw-backup2-156.Berkeley.EDU eecsgw-backup2-156
128.32.156.254		eecsprogw37.Berkeley.EDU eecsprogw37 eecsgw-bb-cory-others
#
# Berkeley Subnet 201 (128.32.201.0) -- ICSI subnet
#
128.32.201.81           axiom axiom.Berkeley.EDU
128.32.201.82           dogma dogma.Berkeley.EDU
128.32.201.83           principle principle.Berkeley.EDU
128.32.201.84           postulate postulate.Berkeley.EDU
128.32.201.88           paradigm paradigm.Berkeley.EDU
128.32.201.89           precept precept.Berkeley.EDU
128.32.201.254		csgw-icsi-mw.Berkeley.EDU csgw-icsi-mw
#
# Oxford net-247
#
#128.32.247.1		was oxford.Berkeley.EDU oxford
128.32.247.2		knecht.Berkeley.EDU knecht.CS.Berkeley.EDU knecht
128.32.247.3		chez.CS.Berkeley.EDU chez
128.32.247.4		oed.Berkeley.EDU oed
128.32.247.5		chairman.Berkeley.EDU chairman
128.32.247.128		mjk.CS.Berkeley.EDU mjk
128.32.247.129		pissaro.CS.Berkeley.EDU pissaro
#
# UCSF pt-pt link
128.218.9.1		cgl-dmc.Berkeley.EDU cgl-dmc cgl-dmc.ucsf.edu

#
# Sun Host Database
#
# If the NIS is running, this file is only consulted when booting
#
192.48.96.23    rlavax
192.48.96.1     janus
192.48.96.2     uunet
192.48.96.3     ns
192.48.96.4     bugbiter
192.48.96.5     caliph
192.48.96.6     cfmartin
192.48.96.8     color
192.48.96.9	annex
192.48.96.10	rodan
192.48.96.11	mothra
192.48.96.12	godzilla
192.48.96.16    relay1 relay1.uu.net 
192.48.96.18    pita pita.UU.NET
137.39.1.3      ns ns.UU.NET
